{
  "IcoMoonType": "selection",
  "icons": [
    {
      "icon": {
        "paths": [
          "M1050.838 139.366c-25.754-25.767-56.334-46.207-89.986-60.152-33.657-13.945-69.73-21.123-106.161-21.123s-72.509 7.178-106.161 21.123c-33.657 13.945-64.237 34.385-89.991 60.152l-53.448 53.45-53.453-53.45c-52.019-52.022-122.578-81.248-196.149-81.248s-144.128 29.225-196.15 81.248c-52.022 52.022-81.248 122.58-81.248 196.15s29.226 144.13 81.248 196.149l445.752 445.752 445.747-445.752c25.768-25.754 46.206-56.334 60.155-89.988 13.945-33.656 21.122-69.73 21.122-106.161s-7.177-72.505-21.122-106.161c-13.95-33.656-34.388-64.235-60.155-89.99z"
        ],
        "attrs": [
          {
            "fill": "none",
            "strokeLinejoin": "round",
            "strokeLinecap": "round",
            "strokeMiterlimit": "4",
            "strokeWidth": 93.0909090909091
          }
        ],
        "width": 1210,
        "isMulticolor": false,
        "isMulticolor2": false,
        "grid": 0,
        "tags": [
          "Vector"
        ]
      },
      "attrs": [
        {
          "fill": "none",
          "strokeLinejoin": "round",
          "strokeLinecap": "round",
          "strokeMiterlimit": "4",
          "strokeWidth": 93.0909090909091
        }
      ],
      "properties": {
        "order": 24,
        "id": 18,
        "name": "vector-hart",
        "prevSize": 32
      },
      "setIdx": 0,
      "setId": 2,
      "iconIdx": 0
    }
  ],
  "height": 1024,
  "preferences": {
    "showGlyphs": true,
    "showQuickUse": true,
    "showQuickUse2": true,
    "showSVGs": true,
    "fontPref": {
      "prefix": "icon-",
      "metadata": {
        "fontFamily": "icomoon"
      },
      "metrics": {
        "emSize": 1024,
        "baseline": 6.25,
        "whitespace": 50
      },
      "embed": false
    },
    "imagePref": {
      "prefix": "icon-",
      "png": true,
      "useClassSelector": true,
      "color": 0,
      "bgColor": 16777215,
      "classSelector": ".icon",
      "name": "icomoon",
      "height": 32,
      "columns": 16,
      "margin": 16,
      "sprite": false
    },
    "historySize": 50,
    "showCodes": true,
    "gridSize": 16
  }
}